{"Kanuru": [16.4914616, 80.6880499], "Visannapeta": [16.94189, 80.78378], "kanuru": [16.3034636, 81.2602537], "Chandrupatla": [18.5535907, 80.4027327], "Vijayawada": [16.5115306, 80.6160469], "vijayawada ": [16.5115306, 80.6160469], "Nuzvidu": [16.5497607, 80.6570552], "Chandrupatla, Vissannapeta, NTR, Andhra Pradesh, 521215, India": [16.9685004, 80.757435], "Nuzvid, Eluru district, Andhra Pradesh, 521200, India": [16.7907012, 80.8476103], "Kanuru, Kotturu, Machilipatnam, Krishna, Andhra Pradesh, India": [16.3034636, 81.2602537], "Vinukonda, Vinukonda - Addanki Road, Gonuguntlavaripalem, Vinukonda, Palnadu, Andhra Pradesh, 522647, India": [16.0506568, 79.7477201], "Tadigadapa, Penamaluru, Krishna, Andhra Pradesh, 521137, India": [16.4722303, 80.700072], "Penamaluru, Krishna, Andhra Pradesh, 521139, India": [16.4630939, 80.7186115], "Porumamilla, YSR district, Andhra Pradesh, 516193, India": [15.0036346, 79.0322201], "Guntur, Andhra Pradesh, 522001, India": [16.2915189, 80.4541588], "Tanuku, West Godavari, Andhra Pradesh, 534211, India": [16.7585424, 81.6745717], "Bhavanipuram, Vijayawada (Urban), NTR, Andhra Pradesh, 520012, India": [16.5261449, 80.5930924], "Auto Nagar, Vijayawada, Vijayawada (Urban), NTR, Andhra Pradesh, 520001, India": [16.5018047, 80.6759591], "kadapa": [14.4752936, 78.8216861], "Kadapa, YSR Kadapa, Andhra Pradesh, 516001, India": [14.4752936, 78.8216861], "Visakhapatnam, Visakhapatnam (Urban), Visakhapatnam, Andhra Pradesh, 530001, India": [17.6935526, 83.2921297], "Ravis Hyderbad House, Clifton Avenue, Clifton Heights Business District, University Heights, Clifton Heights–University Heights–Fairview, Cincinnati, Hamilton County, Ohio, 45232, United States": [39.128372, -84.5205398]}